type,avgYear,count
Applied,2012.986247586,661193
Fundamental,2011.895347902,74590
